catoid,catalog_title,page_number,coid,course_title
34,2019-2020 Undergraduate Catalog,1,164989,ACCT 2331 -  Accounting Principles 1 - Financial
34,2019-2020 Undergraduate Catalog,1,164990,ACCT 2332 -  Accounting Principles 2 -Managerial
34,2019-2020 Undergraduate Catalog,1,164991,ACCT 3377 -  Cost Accounting
34,2019-2020 Undergraduate Catalog,1,164992,ACCT 3366 -  Financial Reporting Frameworks
34,2019-2020 Undergraduate Catalog,1,164993,ACCT 3367 -  Intermediate Accounting I
34,2019-2020 Undergraduate Catalog,1,164994,ACCT 3368 -  Intermediate Accounting II
34,2019-2020 Undergraduate Catalog,1,164995,ACCT 3371 -  Accounting Information Systems
34,2019-2020 Undergraduate Catalog,1,164996,ACCT 3399 -  Senior Honors Thesis
34,2019-2020 Undergraduate Catalog,1,164997,ACCT 4399 -  Senior Honors Thesis
34,2019-2020 Undergraduate Catalog,1,164998,ACCT 4198 -  Independent Study
34,2019-2020 Undergraduate Catalog,2,165000,ACCT 4330 -  Advanced Accounting
34,2019-2020 Undergraduate Catalog,2,165001,ACCT 4331 -  Federal Income Tax-Individual
34,2019-2020 Undergraduate Catalog,2,165002,ACCT 4332 -  Corporate Taxation
34,2019-2020 Undergraduate Catalog,2,165003,ACCT 4335 -  Financial Statement Auditing
34,2019-2020 Undergraduate Catalog,2,165004,ACCT 4396 -  Accounting Internship
34,2019-2020 Undergraduate Catalog,2,165005,ACCT 4344 -  Financial Statement Analysis
34,2019-2020 Undergraduate Catalog,2,165006,ACCT 4375 -  Internal Audit and Entity Control Environment
34,2019-2020 Undergraduate Catalog,2,165007,ACCT 4377 -  Government and Nonprofit Accounting
34,2019-2020 Undergraduate Catalog,2,165008,ACCT 4378 -  Oil and Gas Accounting I
34,2019-2020 Undergraduate Catalog,2,165009,ACCT 4379 -  Enterprise Risk Management
34,2019-2020 Undergraduate Catalog,3,165010,ACCT 4380 -  Control & Security of Financial Information: Theory and Practice
34,2019-2020 Undergraduate Catalog,3,165011,ACCT 4397 -  Selected Topics in Accounting
34,2019-2020 Undergraduate Catalog,3,165012,ACCT 4398 -  Independent Study
34,2019-2020 Undergraduate Catalog,3,165013,ACCT 5330 -  Advanced Accounting
34,2019-2020 Undergraduate Catalog,3,165014,ACCT 5331 -  Federal Income Tax - Individual
34,2019-2020 Undergraduate Catalog,3,165015,ACCT 5332 -  Corporate Taxation
34,2019-2020 Undergraduate Catalog,3,165016,ACCT 5335 -  Financial Statement Auditing
34,2019-2020 Undergraduate Catalog,3,165017,ACCT 5337 -  Management Accounting
34,2019-2020 Undergraduate Catalog,3,165018,ACCT 5367 -  Intermediate Accounting 1
34,2019-2020 Undergraduate Catalog,3,165019,ACCT 5368 -  Intermediate Accounting 2
34,2019-2020 Undergraduate Catalog,4,165020,ACCT 5371 -  Accounting Information Systems
34,2019-2020 Undergraduate Catalog,4,165021,ACCT 5376 -  Advanced Financial Statement Auditing
34,2019-2020 Undergraduate Catalog,4,165022,ACCT 5377 -  Government and Nonprofit Accounting
34,2019-2020 Undergraduate Catalog,4,165023,ACCT 5397 -  Selected Topics in Accounting
34,2019-2020 Undergraduate Catalog,4,165024,AAS 1310 -  Introduction to Africana Culture
34,2019-2020 Undergraduate Catalog,4,165025,AAS 2320 -  Introduction to African American Studies
34,2019-2020 Undergraduate Catalog,4,165026,AAS 2322 -  Introduction to African Religions and Philosophy
34,2019-2020 Undergraduate Catalog,4,165027,AAS 2330 -  Black Liberation Theology
34,2019-2020 Undergraduate Catalog,4,165028,AAS 3301 -  Hip Hop History and Culture
34,2019-2020 Undergraduate Catalog,4,165029,AAS 3307 -  African Spiritual Transformation in the Social Sciences
34,2019-2020 Undergraduate Catalog,5,165030,AAS 3310 -  African American Experience through Theatre
34,2019-2020 Undergraduate Catalog,5,165031,AAS 3330 -  African American Studies Oral History and Field Research
34,2019-2020 Undergraduate Catalog,5,165032,AAS 3340 -  Seminar in African American Sociolinguistics
34,2019-2020 Undergraduate Catalog,5,165033,AAS 3348 -  African Americans and the Law
34,2019-2020 Undergraduate Catalog,5,165034,AAS 3350 -  Slavery and Race Relations in the African Diaspora
34,2019-2020 Undergraduate Catalog,5,165035,AAS 3354 -  African Nationalist Thought and Ethics in the U.S.
34,2019-2020 Undergraduate Catalog,5,165036,AAS 3356 -  Africana Thought and Philosophy
34,2019-2020 Undergraduate Catalog,5,165037,AAS 3379 -  Africana Oratory
34,2019-2020 Undergraduate Catalog,5,165038,AAS 4300 -  African Philosophy
34,2019-2020 Undergraduate Catalog,5,165039,AAS 4330 -  The Black Church in America
34,2019-2020 Undergraduate Catalog,6,165040,AAS 4370 -  Seminar in African American Studies
34,2019-2020 Undergraduate Catalog,6,165041,AAS 4373 -  Black Leaders of the Twentieth Century
34,2019-2020 Undergraduate Catalog,6,165042,AAS 4377 -  Seminar on W.E.B. DuBois
34,2019-2020 Undergraduate Catalog,6,165043,AAS 4440 -  Model African Union Seminar
34,2019-2020 Undergraduate Catalog,6,165044,AFSC 1201 -  Foundations of the USAF I
34,2019-2020 Undergraduate Catalog,6,165045,AFSC 1202 -  Foundations of the USAF II
34,2019-2020 Undergraduate Catalog,6,165046,AFSC 2201 -  Evolution of Air Power I
34,2019-2020 Undergraduate Catalog,6,165047,AFSC 2202 -  Evolution of Air Power II
34,2019-2020 Undergraduate Catalog,6,165048,AFSC 3301 -  Air Force Leadership Studies I
34,2019-2020 Undergraduate Catalog,6,165049,AFSC 3302 -  Air Force Leadership Studies II
34,2019-2020 Undergraduate Catalog,7,165050,AFSC 3801 -  Field Training
34,2019-2020 Undergraduate Catalog,7,165051,AFSC 4301 -  National Security Affairs I
34,2019-2020 Undergraduate Catalog,7,165052,AFSC 4302 -  National Security Affairs II
34,2019-2020 Undergraduate Catalog,7,165053,"AMER 3300 -  The Americas: Identity, Culture, and Power"
34,2019-2020 Undergraduate Catalog,7,165054,AMER 3390 -  American Cultural Internship
34,2019-2020 Undergraduate Catalog,7,165055,AMER 3398 -  Independent Study
34,2019-2020 Undergraduate Catalog,7,165056,AMER 4300 -  Senior Seminar in American Cultures
34,2019-2020 Undergraduate Catalog,7,165057,ASLI 1301 -  Elementary American Sign Language I
34,2019-2020 Undergraduate Catalog,7,165058,ASLI 1302 -  Elementary American Sign Language II
34,2019-2020 Undergraduate Catalog,7,165059,ASLI 1310 -  Fingerspelling in American Sign Language
34,2019-2020 Undergraduate Catalog,8,165060,ASLI 2301 -  Intermediate American Sign Language I
34,2019-2020 Undergraduate Catalog,8,165061,ASLI 2302 -  Intermediate American Sign Language II
34,2019-2020 Undergraduate Catalog,8,165063,ASLI 2335 -  Multiculturalism & Diversity in ASL Interpreting
34,2019-2020 Undergraduate Catalog,8,165064,ASLI 3430 -  Consecutive Interpreting and Translation
34,2019-2020 Undergraduate Catalog,8,165065,ASLI 3333 -  Simultaneous Interpreting: Foundational Skills
34,2019-2020 Undergraduate Catalog,8,165067,ASLI 3460 -  Advanced American Sign Language
34,2019-2020 Undergraduate Catalog,8,165068,ASLI 4335 -  Advanced Interpreting Techniques and Skills in ASL/English
34,2019-2020 Undergraduate Catalog,8,165069,ASLI 4346 -  American Sign Language Transliteration and Educational Interpreting
34,2019-2020 Undergraduate Catalog,8,165071,ASLI 4368 -  Comparative study of ASL and English Linguistics
34,2019-2020 Undergraduate Catalog,8,165072,ASLI 4397 -  Selected Topics in American Sign Language Interpreting
34,2019-2020 Undergraduate Catalog,9,165073,ASLI 4398 -  Independent Study: Tri-lingual Interpreting
34,2019-2020 Undergraduate Catalog,9,165074,ASLI 4489 -  Service Learning - Internship
34,2019-2020 Undergraduate Catalog,9,165075,ANTH 1300 -  Introduction to Anthropology
34,2019-2020 Undergraduate Catalog,9,165076,ANTH 2301 -  Introduction to Physical Anthropology
34,2019-2020 Undergraduate Catalog,9,165077,ANTH 2302 -  Introduction to Cultural Anthropology
34,2019-2020 Undergraduate Catalog,9,165078,ANTH 2303 -  Introduction to Archaeology
34,2019-2020 Undergraduate Catalog,9,165079,ANTH 2304 -  Introduction to Language and Culture
34,2019-2020 Undergraduate Catalog,9,165080,ANTH 2395 -  Selected Topics in Cultural Anthropology
34,2019-2020 Undergraduate Catalog,9,165081,ANTH 3304 -  Demographic Anthropology
34,2019-2020 Undergraduate Catalog,9,165082,ANTH 3305 -  Psychological Anthropology
34,2019-2020 Undergraduate Catalog,10,165083,ANTH 3306 -  Sex and Culture
34,2019-2020 Undergraduate Catalog,10,165084,ANTH 3310 -  North American Indians
34,2019-2020 Undergraduate Catalog,10,165085,ANTH 3312 -  Mexican-American Culture
34,2019-2020 Undergraduate Catalog,10,165087,ANTH 3316 -  Society and Culture of India
34,2019-2020 Undergraduate Catalog,10,165088,ANTH 3324 -  Peoples and Culture of Latin America
34,2019-2020 Undergraduate Catalog,10,165089,ANTH 3338 -  Peoples of Africa
34,2019-2020 Undergraduate Catalog,10,165090,ANTH 3341 -  Cultural Ecology
34,2019-2020 Undergraduate Catalog,10,165091,ANTH 3342 -  Food and Culture
34,2019-2020 Undergraduate Catalog,10,165092,ANTH 3347 -  Anthropology of Women
34,2019-2020 Undergraduate Catalog,10,165093,ANTH 3348 -  Anthropology of Religion
34,2019-2020 Undergraduate Catalog,11,165094,ANTH 3350 -  Women and Health: Anthropological Perspectives
34,2019-2020 Undergraduate Catalog,11,165095,ANTH 3360 -  Human Variation
34,2019-2020 Undergraduate Catalog,11,165096,ANTH 3361 -  Human Origins
34,2019-2020 Undergraduate Catalog,11,165097,"ANTH 3362 -  Monkeys, Apes, and Humans"
34,2019-2020 Undergraduate Catalog,11,165098,ANTH 3363 -  Race in Anthropological Perspective
34,2019-2020 Undergraduate Catalog,11,165099,ANTH 3364 -  Disease in Antiquity
34,2019-2020 Undergraduate Catalog,11,165100,ANTH 3375 -  North American Archaeology
34,2019-2020 Undergraduate Catalog,11,165101,ANTH 3377 -  Archaeology of Central America
34,2019-2020 Undergraduate Catalog,11,165102,ANTH 3378 -  Archaeology of Historic North America
34,2019-2020 Undergraduate Catalog,11,165103,ANTH 3379 -  Methods in Historical Archaeology
34,2019-2020 Undergraduate Catalog,12,165104,ANTH 3380 -  Archaeological Method and Theory
34,2019-2020 Undergraduate Catalog,12,165105,ANTH 3381 -  Global Hinduism
34,2019-2020 Undergraduate Catalog,12,165106,ANTH 3395 -  Topics in Archaeology
34,2019-2020 Undergraduate Catalog,12,165107,ANTH 3396 -  Selected Topics in Cultural Anthropology
34,2019-2020 Undergraduate Catalog,12,165108,ANTH 3397 -  Topics in Physical Anthropology
34,2019-2020 Undergraduate Catalog,12,165109,ANTH 3399 -  Senior Honors Thesis
34,2019-2020 Undergraduate Catalog,12,165110,ANTH 4192 -  Research Practicum I
34,2019-2020 Undergraduate Catalog,12,165111,DIGM 3252 -  Graphic Communication Output
34,2019-2020 Undergraduate Catalog,12,165112,ANTH 4198 -  Independent Study
34,2019-2020 Undergraduate Catalog,12,165113,ANTH 4292 -  Research Practicum I
34,2019-2020 Undergraduate Catalog,13,165115,ANTH 4298 -  Independent Study
34,2019-2020 Undergraduate Catalog,13,165116,ANTH 4301 -  Language and Cultural Cognition
34,2019-2020 Undergraduate Catalog,13,165117,ANTH 4310 -  Theories of Culture
34,2019-2020 Undergraduate Catalog,13,165118,ANTH 4330 -  Applied Anthropology
34,2019-2020 Undergraduate Catalog,13,165119,ANTH 4331 -  Medical Anthropology
34,2019-2020 Undergraduate Catalog,13,165120,ANTH 4337 -  Anthropology of the Life Cycle
34,2019-2020 Undergraduate Catalog,13,165121,ANTH 4338 -  Visual Anthropology
34,2019-2020 Undergraduate Catalog,13,165123,ANTH 4340 -  Anthropology Through Literature
34,2019-2020 Undergraduate Catalog,13,165124,ANTH 4342 -  Anthropology of Wine
34,2019-2020 Undergraduate Catalog,13,165127,ANTH 4351 -  Human Osteology
34,2019-2020 Undergraduate Catalog,14,165128,ANTH 4352 -  Biomedical Anthropology
34,2019-2020 Undergraduate Catalog,14,165129,ANTH 4372 -  Maya Archaeology
34,2019-2020 Undergraduate Catalog,14,165130,ANTH 4373 -  Archaeology of the Aztecs and Their Neighbors
34,2019-2020 Undergraduate Catalog,14,165131,ANTH 4375 -  Archaeology of the Southeastern United States
34,2019-2020 Undergraduate Catalog,14,165132,ANTH 4376 -  Archaeology of Texas
34,2019-2020 Undergraduate Catalog,14,165133,ANTH 4377 -  Archaeology of the African Diaspora
34,2019-2020 Undergraduate Catalog,14,165134,ANTH 4379 -  Archaeology of the Southwestern United States
34,2019-2020 Undergraduate Catalog,14,165135,ANTH 4380 -  Field Methods in Anthropology
34,2019-2020 Undergraduate Catalog,14,165136,ANTH 4381 -  Archaeological Theory
34,2019-2020 Undergraduate Catalog,14,165137,ANTH 4382 -  Laboratory Methods in Archaeology
34,2019-2020 Undergraduate Catalog,15,165138,ANTH 4383 -  Applied Archaeology
34,2019-2020 Undergraduate Catalog,15,165139,ANTH 4384 -  Anthropology of HIV
34,2019-2020 Undergraduate Catalog,15,165140,ANTH 4389 -  Ethnographic Field Work I
34,2019-2020 Undergraduate Catalog,15,165141,ANTH 4390 -  Ethnographic Field Work II
34,2019-2020 Undergraduate Catalog,15,165142,ANTH 4391 -  Archaeological Field Work I
34,2019-2020 Undergraduate Catalog,15,165143,ANTH 4392 -  Archaeological Field Work II
34,2019-2020 Undergraduate Catalog,15,165144,ANTH 4393 -  Research Practicum
34,2019-2020 Undergraduate Catalog,15,165145,ANTH 4394 -  Selected Topics in Anthropology
34,2019-2020 Undergraduate Catalog,15,165147,ANTH 4399 -  Senior Honors Thesis
34,2019-2020 Undergraduate Catalog,15,165148,ANTH 4498 -  Independent Study
34,2019-2020 Undergraduate Catalog,16,165149,ARAB 1501 -  Beginning Arabic I
34,2019-2020 Undergraduate Catalog,16,165150,ARAB 1502 -  Beginning Arabic II
34,2019-2020 Undergraduate Catalog,16,165151,ARAB 2301 -  Intermediate Arabic I
34,2019-2020 Undergraduate Catalog,16,165152,ARAB 2302 -  Intermediate Arabic II
34,2019-2020 Undergraduate Catalog,16,165153,ARAB 2307 -  Arabic for Native Speakers I
34,2019-2020 Undergraduate Catalog,16,165155,ARAB 3301 -  Advanced Modern Standard Arabic I
34,2019-2020 Undergraduate Catalog,16,165156,ARAB 3302 -  Advanced Modern Standard Arabic II
34,2019-2020 Undergraduate Catalog,16,165157,ARAB 3303 -  Qur’anic and Classical Arabic
34,2019-2020 Undergraduate Catalog,16,165159,"ARAB 3305 -  Introduction to Arabic Culture, Language, and Islam"
34,2019-2020 Undergraduate Catalog,16,165160,"ARAB 3306 -  Introduction to Arabic Culture, Language, and Islam"
34,2019-2020 Undergraduate Catalog,17,165161,ARAB 3312 -  Introduction to Arabic Literature in Translation
34,2019-2020 Undergraduate Catalog,17,165162,ARAB 3313 -  Qur’an as Literature
34,2019-2020 Undergraduate Catalog,17,165163,ARAB 3314 -  Women and Gender in Arabic Literature
34,2019-2020 Undergraduate Catalog,17,165164,ARAB 3340 -  Modernity and Rationalism in Islamic Tradition
34,2019-2020 Undergraduate Catalog,17,165165,"ARCH 1200 -  Introduction to Architecture Design, Industrial Design, & Interior Arch"
34,2019-2020 Undergraduate Catalog,17,165166,ARCH 1359 -  Design Since 1945
34,2019-2020 Undergraduate Catalog,17,165167,ARCH 1360 -  Architectural Sketching I
34,2019-2020 Undergraduate Catalog,17,165168,ARCH 1500 -  Design Studio I
34,2019-2020 Undergraduate Catalog,17,165169,ARCH 1501 -  Architecture and Interior Architecture Design Studio II
34,2019-2020 Undergraduate Catalog,17,165170,ARCH 1598 -  Independent Study
34,2019-2020 Undergraduate Catalog,18,165171,ARCH 2327 -  Technology I
34,2019-2020 Undergraduate Catalog,18,165172,ARCH 2350 -  Survey of Architectural History I
34,2019-2020 Undergraduate Catalog,18,165173,ARCH 2351 -  Survey of Architectural History II
34,2019-2020 Undergraduate Catalog,18,165175,ARCH 2397 -  Selected Topics
34,2019-2020 Undergraduate Catalog,18,165176,ARCH 2398 -  Independent Study
34,2019-2020 Undergraduate Catalog,18,165177,ARCH 2500 -  Architecture and Interior Architecture Design Studio III
34,2019-2020 Undergraduate Catalog,18,165178,ARCH 2501 -  Architecture Design Studio IV
34,2019-2020 Undergraduate Catalog,18,165179,ARCH 3198 -  Independent Study
34,2019-2020 Undergraduate Catalog,18,165181,ARCH 3342 -  Shape of the City
34,2019-2020 Undergraduate Catalog,18,165182,ARCH 3343 -  Latin American Architecture
34,2019-2020 Undergraduate Catalog,19,165183,ARCH 3347 -  Evolution of Arch Interiors
34,2019-2020 Undergraduate Catalog,19,165186,ARCH 3353 -  Architecture of Middle Ages
34,2019-2020 Undergraduate Catalog,19,165187,ARCH 3354 -  The Culture of Architecture
34,2019-2020 Undergraduate Catalog,19,165188,ARCH 3356 -  City As Palimpsest: Paris
34,2019-2020 Undergraduate Catalog,19,165189,ARCH 3358 -  History of Asian Arch and Art
34,2019-2020 Undergraduate Catalog,19,165190,ARCH 3365 -  Architectural Research
34,2019-2020 Undergraduate Catalog,19,165193,ARCH 3368 -  Sustainable Development
34,2019-2020 Undergraduate Catalog,19,165194,ARCH 3369 -  Architecture of the Chapel
34,2019-2020 Undergraduate Catalog,19,165195,ARCH 3372 -  Architecture of the Object
34,2019-2020 Undergraduate Catalog,19,165196,ARCH 3375 -  Arch Design for Non-Majors
34,2019-2020 Undergraduate Catalog,20,165197,ARCH 3380 -  Architecture Plus Film
34,2019-2020 Undergraduate Catalog,20,165198,ARCH 3393 -  Thesis Preparation
34,2019-2020 Undergraduate Catalog,20,165199,ARCH 3397 -  Selected Topics
34,2019-2020 Undergraduate Catalog,20,165200,ARCH 3398 -  Independent Study
34,2019-2020 Undergraduate Catalog,20,165202,ARCH 3500 -  Architecture Design Studio V
34,2019-2020 Undergraduate Catalog,20,165203,ARCH 3501 -  Architecture Design Studio VI
34,2019-2020 Undergraduate Catalog,20,165204,ARCH 3598 -  Special Problems
34,2019-2020 Undergraduate Catalog,20,165207,ARCH 4321 -  Design of Construction Details
34,2019-2020 Undergraduate Catalog,20,165208,ARCH 4324 -  High-Rise Structures
34,2019-2020 Undergraduate Catalog,20,165209,ARCH 4325 -  Building Systems Integration
34,2019-2020 Undergraduate Catalog,21,165211,ARCH 4336 -  Graphic Realization in Design
34,2019-2020 Undergraduate Catalog,21,165212,ARCH 4351 -  Readings & Criticism in Arch
34,2019-2020 Undergraduate Catalog,21,165213,ARCH 4352 -  Wright Mies Corbusier
34,2019-2020 Undergraduate Catalog,21,165214,ARCH 4353 -  Postmodern: Architecture Since 1950
34,2019-2020 Undergraduate Catalog,21,165215,ARCH 4355 -  Houston Architecture
34,2019-2020 Undergraduate Catalog,21,165216,ARCH 4367 -  Case Studies:Sustainable Arch
34,2019-2020 Undergraduate Catalog,21,165217,ARCH 4373 -  Urban Environments
34,2019-2020 Undergraduate Catalog,21,165218,ARCH 4374 -  World Cities
34,2019-2020 Undergraduate Catalog,21,165219,"ARCH 4375 -  Capitalism, Arch and the City"
34,2019-2020 Undergraduate Catalog,21,165220,ARCH 4390 -  Landscape Architecture
34,2019-2020 Undergraduate Catalog,22,165221,ARCH 4393 -  Thesis Publication
34,2019-2020 Undergraduate Catalog,22,165222,ARCH 4397 -  Selected Topics
34,2019-2020 Undergraduate Catalog,22,165223,ARCH 4398 -  Independent Study
34,2019-2020 Undergraduate Catalog,22,165224,ARCH 4327 -  Technology 5
34,2019-2020 Undergraduate Catalog,22,165226,ARCH 4500 -  Architecture Design Studio VII
34,2019-2020 Undergraduate Catalog,22,165227,ARCH 4501 -  Architecture Design Studio VIII
34,2019-2020 Undergraduate Catalog,22,165228,ARCH 4598 -  Independent Study
34,2019-2020 Undergraduate Catalog,22,165229,ARCH 5360 -  Practice of Architecture
34,2019-2020 Undergraduate Catalog,22,165230,ARCH 5397 -  Selected Topics
34,2019-2020 Undergraduate Catalog,22,165231,ARCH 5398 -  Independent Study
34,2019-2020 Undergraduate Catalog,23,165232,ARCH 5327 -  Technology 7
34,2019-2020 Undergraduate Catalog,23,165234,ARCH 5500 -  Architecture Design Studio IX
34,2019-2020 Undergraduate Catalog,23,165235,ARCH 5501 -  Architecture Design Studio X
34,2019-2020 Undergraduate Catalog,23,165239,ARCH 5593 -  Thesis Project
34,2019-2020 Undergraduate Catalog,23,165240,ARCH 5597 -  Selected Topics
34,2019-2020 Undergraduate Catalog,23,165241,ARCH 5598 -  Independent Study
34,2019-2020 Undergraduate Catalog,23,165242,ART 1301 -  Fundamentals of Drawing
34,2019-2020 Undergraduate Catalog,23,165243,ART 1304 -  Fundamentals-Painting
34,2019-2020 Undergraduate Catalog,23,165244,ART 1310 -  Fundamentals-Printmaking
34,2019-2020 Undergraduate Catalog,23,165246,ART 1330 -  Fundamentals of Graphic Design
34,2019-2020 Undergraduate Catalog,24,165247,ART 1350 -  Fundamentals of Ceramics
34,2019-2020 Undergraduate Catalog,24,165248,ART 1360 -  Fundamentals of Sculpture
34,2019-2020 Undergraduate Catalog,24,165249,ART 1371 -  Fundamentals of Photography/Digital Media
34,2019-2020 Undergraduate Catalog,24,165250,ART 1372 -  Fundamentals of Video Art
34,2019-2020 Undergraduate Catalog,24,165251,ART 1382 -  Fundamental of Digital Tools
34,2019-2020 Undergraduate Catalog,24,165252,ART 1383 -  Introduction to New Media
34,2019-2020 Undergraduate Catalog,24,165253,ART 1397 -  Sel Topic Fund Studio Art
34,2019-2020 Undergraduate Catalog,24,165255,ART 2398 -  Independent Study
34,2019-2020 Undergraduate Catalog,24,165256,ART 3300 -  Intermediate Drawing
34,2019-2020 Undergraduate Catalog,24,165257,ART 3301 -  Life Drawing
34,2019-2020 Undergraduate Catalog,25,165258,"ART 3303 -  Color, Materials and Methods"
34,2019-2020 Undergraduate Catalog,25,165259,ART 3304 -  Intermediate Painting
34,2019-2020 Undergraduate Catalog,25,165260,ART 3309 -  Jr Painting Major
34,2019-2020 Undergraduate Catalog,25,165261,ART 3310 -  Jr Painting Major
34,2019-2020 Undergraduate Catalog,25,165262,ART 3311 -  Jr Painting Major
34,2019-2020 Undergraduate Catalog,25,165263,ART 3312 -  Intaglio
34,2019-2020 Undergraduate Catalog,25,165264,ART 3313 -  Silkscreen
34,2019-2020 Undergraduate Catalog,25,165265,ART 3314 -  Lithography
34,2019-2020 Undergraduate Catalog,25,165266,ART 3315 -  Monoprint/Monotype Printmaking
34,2019-2020 Undergraduate Catalog,25,165267,ART 3316 -  Relief Printmaking
34,2019-2020 Undergraduate Catalog,26,165268,ART 3317 -  Photo-Based Printmaking
34,2019-2020 Undergraduate Catalog,26,165269,ART 3318 -  Book Arts
34,2019-2020 Undergraduate Catalog,26,165271,ART 3321 -  Perspective Drawing
34,2019-2020 Undergraduate Catalog,26,165272,ART 3328 -  Rendering and Sketching
34,2019-2020 Undergraduate Catalog,26,165273,ART 3330 -  Intermediate Graphic Design
34,2019-2020 Undergraduate Catalog,26,165274,ART 3331 -  Graphic Design Software
34,2019-2020 Undergraduate Catalog,26,165275,ART 3332 -  Illustration
34,2019-2020 Undergraduate Catalog,26,165276,ART 3334 -  Introduction to Typography
34,2019-2020 Undergraduate Catalog,26,165277,ART 3335 -  Junior Graphic Design Major
34,2019-2020 Undergraduate Catalog,26,165278,ART 3336 -  Junior Graphic Design Major
34,2019-2020 Undergraduate Catalog,27,165279,ART 3337 -  Junior Graphic Design Major
34,2019-2020 Undergraduate Catalog,27,165281,ART 3350 -  Intermediate Ceramics
34,2019-2020 Undergraduate Catalog,27,165282,ART 3353 -  Glaze and Clay Formulations
34,2019-2020 Undergraduate Catalog,27,165283,ART 3358 -  Clay Processes
34,2019-2020 Undergraduate Catalog,27,165284,ART 3360 -  Intermediate Sculpture
34,2019-2020 Undergraduate Catalog,27,165285,ART 3361 -  Wood and Metal Fabrication
34,2019-2020 Undergraduate Catalog,27,165286,ART 3362 -  Advanced Sculpture
34,2019-2020 Undergraduate Catalog,27,165288,ART 3364 -  Plastics Fabrication
34,2019-2020 Undergraduate Catalog,27,165376,ARTH 3396 -  Selected Topics in Critical Studies in Film and Video
34,2019-2020 Undergraduate Catalog,27,165377,ARTH 3399 -  Senior Honors Thesis
34,2019-2020 Undergraduate Catalog,28,165380,ARTH 4310 -  The Human Body in Non-Western Art
34,2019-2020 Undergraduate Catalog,28,165381,"ARTH 4311 -  Artists, Art-Making and Patronage in Medieval Europe"
34,2019-2020 Undergraduate Catalog,28,165382,ARTH 4314 -  Medieval Illuminated Manuscripts
34,2019-2020 Undergraduate Catalog,28,165383,ARTH 4315 -  Reading Medieval Art
34,2019-2020 Undergraduate Catalog,28,165384,ARTH 4319 -  Readings in Nineteenth Century Photography
34,2019-2020 Undergraduate Catalog,28,165385,ARTH 4320 -  Readings in Twentieth- and Twenty-First Century Photography
34,2019-2020 Undergraduate Catalog,28,165387,ARTH 4379 -  Art Since 1945
34,2019-2020 Undergraduate Catalog,28,165388,ARTH 4381 -  Seminar on Rembrandt
34,2019-2020 Undergraduate Catalog,28,165289,ART 3365 -  Junior Sculpture Major
34,2019-2020 Undergraduate Catalog,28,165290,ART 3366 -  Junior Sculpture Major
34,2019-2020 Undergraduate Catalog,29,165291,ART 3367 -  Junior Sculpture Major
34,2019-2020 Undergraduate Catalog,29,165292,ART 3370 -  Traditional Photography
34,2019-2020 Undergraduate Catalog,29,165293,ART 3371 -  Photography/Digital Media Portfolio Development
34,2019-2020 Undergraduate Catalog,29,165294,ART 3372 -  Intermediate Video Art
34,2019-2020 Undergraduate Catalog,29,165295,ART 3374 -  Computer Imaging
34,2019-2020 Undergraduate Catalog,29,165296,ART 3375 -  Junior Photography/Digital Media Major
34,2019-2020 Undergraduate Catalog,29,165297,ART 3376 -  Junior Photography/Digital Media Major
34,2019-2020 Undergraduate Catalog,29,165298,ART 3377 -  Junior Photography/Digital Media Major
34,2019-2020 Undergraduate Catalog,29,165300,ART 3381 -  Intermedia Laboratory
34,2019-2020 Undergraduate Catalog,29,165302,ART 3396 -  Selected Topics in Studio Practice
34,2019-2020 Undergraduate Catalog,30,165303,ART 3397 -  Sel Tops in Fine Arts
34,2019-2020 Undergraduate Catalog,30,165305,ART 4198 -  Independent Study
34,2019-2020 Undergraduate Catalog,30,165306,ART 4298 -  Independent Study
34,2019-2020 Undergraduate Catalog,30,165307,ART 4300 -  Senior Painting Major I
34,2019-2020 Undergraduate Catalog,30,165308,ART 4301 -  Senior Painting Major I
34,2019-2020 Undergraduate Catalog,30,165309,ART 4302 -  Senior Painting Major I
34,2019-2020 Undergraduate Catalog,30,165310,ART 4303 -  Senior Painting Major II
34,2019-2020 Undergraduate Catalog,30,165311,ART 4304 -  Senior Painting Major II
34,2019-2020 Undergraduate Catalog,30,165312,ART 4305 -  Senior Painting Major II
34,2019-2020 Undergraduate Catalog,30,165314,ART 4307 -  Painting for Majors
34,2019-2020 Undergraduate Catalog,31,165315,ART 4330 -  Senior Graphic Design Major I
34,2019-2020 Undergraduate Catalog,31,165316,ART 4331 -  Senior Graphic Design Major I
34,2019-2020 Undergraduate Catalog,31,165317,ART 4332 -  Senior Graphic Design Major I
34,2019-2020 Undergraduate Catalog,31,165318,ART 4333 -  Senior Graphic Design Major II
34,2019-2020 Undergraduate Catalog,31,165319,ART 4334 -  Senior Graphic Design Major II
34,2019-2020 Undergraduate Catalog,31,165320,ART 4335 -  Senior Graphic Design Major II
34,2019-2020 Undergraduate Catalog,31,165321,ART 4360 -  Senior Sculpture Major I
34,2019-2020 Undergraduate Catalog,31,165322,ART 4361 -  Senior Sculpture Major I
34,2019-2020 Undergraduate Catalog,31,165323,ART 4362 -  Senior Sculpture Major I
34,2019-2020 Undergraduate Catalog,31,165324,ART 4370 -  Senior Photography/Digital Media Major I
34,2019-2020 Undergraduate Catalog,32,165325,ART 4371 -  Senior Photography/Digital Media Major I
34,2019-2020 Undergraduate Catalog,32,165326,ART 4372 -  Senior Photography/Digital Media Major I
34,2019-2020 Undergraduate Catalog,32,165327,ART 4373 -  Senior Photography/Digital Media Major II
34,2019-2020 Undergraduate Catalog,32,165328,ART 4374 -  Senior Photography/Digital Media Major II
34,2019-2020 Undergraduate Catalog,32,165329,ART 4375 -  Senior Photography/Digital Media Major II
34,2019-2020 Undergraduate Catalog,32,165331,ART 4380 -  Professional Practices
34,2019-2020 Undergraduate Catalog,32,165332,ART 4392 -  Sel Top in Contemporary Art
34,2019-2020 Undergraduate Catalog,32,165333,ART 4395 -  Selected Topics in Design
34,2019-2020 Undergraduate Catalog,32,165334,ART 4396 -  Selected Topics in Studio Practice
34,2019-2020 Undergraduate Catalog,32,165335,ART 4397 -  Sel Topics in Fine Arts
34,2019-2020 Undergraduate Catalog,33,165336,ART 4398 -  Independent Study
34,2019-2020 Undergraduate Catalog,33,165337,ART 4498 -  Independent Study
34,2019-2020 Undergraduate Catalog,33,165339,ARED 3305 -  Art in Elementary Schools
34,2019-2020 Undergraduate Catalog,33,165340,ARED 4345 -  Art in the Elementary and Secondary Schools
34,2019-2020 Undergraduate Catalog,33,165341,ARED 4365 -  Integrative Art Teaching
34,2019-2020 Undergraduate Catalog,33,165342,ARTH 1300 -  Ways of Seeing: Art and Our Visual World
34,2019-2020 Undergraduate Catalog,33,165343,ARTH 1380 -  Art and Society: Prehistoric to Gothic
34,2019-2020 Undergraduate Catalog,33,165344,ARTH 1381 -  Art and Society: Renaissance to Modern
34,2019-2020 Undergraduate Catalog,33,165345,ARTH 2381 -  Classical Art
34,2019-2020 Undergraduate Catalog,33,165346,ARTH 2382 -  Medieval Art and Society
34,2019-2020 Undergraduate Catalog,34,165347,ARTH 2384 -  Baroque Art
34,2019-2020 Undergraduate Catalog,34,165348,ARTH 2386 -  Nineteenth Century Art
34,2019-2020 Undergraduate Catalog,34,165350,"ARTH 2388 -  Survey of the Art of Africa, Oceania and the Americas"
34,2019-2020 Undergraduate Catalog,34,165351,ARTH 2389 -  Modern and Contemporary Art
34,2019-2020 Undergraduate Catalog,34,165352,ARTH 2394 -  Selected Topics in Art History
34,2019-2020 Undergraduate Catalog,34,165354,ARTH 3301 -  Critical Theory
34,2019-2020 Undergraduate Catalog,34,165355,ARTH 3302 -  Contemporary Art Criticism
34,2019-2020 Undergraduate Catalog,34,165356,ARTH 3311 -  Greek Art
34,2019-2020 Undergraduate Catalog,34,165357,ARTH 3312 -  Pre-Columbian Art
34,2019-2020 Undergraduate Catalog,34,165358,ARTH 3313 -  Roman Art
34,2019-2020 Undergraduate Catalog,35,165359,ARTH 3314 -  Latin American Art
34,2019-2020 Undergraduate Catalog,35,165360,ARTH 3315 -  History of Prints in the West
34,2019-2020 Undergraduate Catalog,35,165362,ARTH 3317 -  Ancient Near Eastern Art
34,2019-2020 Undergraduate Catalog,35,165363,ARTH 3335 -  Surrealism and Its Legacies
34,2019-2020 Undergraduate Catalog,35,165364,ARTH 3336 -  Postmodernism
34,2019-2020 Undergraduate Catalog,35,165365,ARTH 3376 -  Representations of Gender
34,2019-2020 Undergraduate Catalog,35,165367,ARTH 3378 -  History of Nineteenth Century Photography
34,2019-2020 Undergraduate Catalog,35,165368,ARTH 3379 -  History of Twentieth- and Twenty-First Century Photography
34,2019-2020 Undergraduate Catalog,35,165369,ARTH 3380 -  17th Century Dutch Art
34,2019-2020 Undergraduate Catalog,35,165370,ARTH 3382 -  Northern Renaissance
34,2019-2020 Undergraduate Catalog,36,165373,ARTH 3389 -  Italian Gothic Art and Patronage
34,2019-2020 Undergraduate Catalog,36,165374,ARTH 3394 -  Selected Topics in Art History
34,2019-2020 Undergraduate Catalog,36,165375,ARTH 3395 -  Selected Topics in Critical Theory and Criticism
34,2019-2020 Undergraduate Catalog,36,165389,ARTH 4383 -  Contemporary Painting
34,2019-2020 Undergraduate Catalog,36,165390,ARTH 4385 -  Senior Seminar in Art History
34,2019-2020 Undergraduate Catalog,36,165391,ARTH 4388 -  Methods of Art History
34,2019-2020 Undergraduate Catalog,36,165393,ARTH 4394 -  Sel Tops in Art History
34,2019-2020 Undergraduate Catalog,36,165394,ARTH 4395 -  Selected Topics in Contemporary Theory and Practice
34,2019-2020 Undergraduate Catalog,36,165395,ARTH 4398 -  Independent Study
34,2019-2020 Undergraduate Catalog,36,165396,ARTH 4399 -  Senior Honors Thesis
34,2019-2020 Undergraduate Catalog,37,165397,BCHS 3201 -  Biochemistry I Laboratory
34,2019-2020 Undergraduate Catalog,37,165398,BCHS 3304 -  General Biochemistry I
34,2019-2020 Undergraduate Catalog,37,165399,BCHS 3305 -  General Biochemistry II
34,2019-2020 Undergraduate Catalog,37,165400,BCHS 3396 -  Senior Research Project
34,2019-2020 Undergraduate Catalog,37,165401,BCHS 4396 -  Senior Research Project
34,2019-2020 Undergraduate Catalog,37,165402,BCHS 3399 -  Senior Honors Thesis
34,2019-2020 Undergraduate Catalog,37,165403,BCHS 4399 -  Senior Honors Thesis
34,2019-2020 Undergraduate Catalog,37,165405,BCHS 4298 -  Independent Study
34,2019-2020 Undergraduate Catalog,37,165406,BCHS 4304 -  Biophysics
34,2019-2020 Undergraduate Catalog,37,165407,BCHS 4306 -  Nucleic Acids
34,2019-2020 Undergraduate Catalog,38,165408,BCHS 4307 -  Proteins
34,2019-2020 Undergraduate Catalog,38,165409,BCHS 4311 -  Biochemistry Lab II
34,2019-2020 Undergraduate Catalog,38,165410,BCHS 4312 -  Molecular Modeling of Biological Macromolecules
34,2019-2020 Undergraduate Catalog,38,165411,BCHS 4313 -  Cell Biochemistry
34,2019-2020 Undergraduate Catalog,38,165412,BCHS 4314 -  Lipids and Carbohydrates
34,2019-2020 Undergraduate Catalog,38,165413,BCHS 4321 -  Genomics and Proteomics
34,2019-2020 Undergraduate Catalog,38,165414,BCHS 4322 -  Biochemistry of Organelles
34,2019-2020 Undergraduate Catalog,38,165415,BCHS 4323 -  Protein Biosynthesis
34,2019-2020 Undergraduate Catalog,38,165416,BCHS 4324 -  Bioinformatics
34,2019-2020 Undergraduate Catalog,38,165417,BCHS 4325 -  Molecular Microbiology
34,2019-2020 Undergraduate Catalog,39,165418,BCHS 4361 -  Clinical Biochemistry
34,2019-2020 Undergraduate Catalog,39,165419,BCHS 4397 -  Topics-Biochem & Biophys Sci
34,2019-2020 Undergraduate Catalog,39,165421,BCHS 4498 -  Independent Study
34,2019-2020 Undergraduate Catalog,39,165422,BIOL 1134 -  Human Anatomy and Physiology Laboratory I
34,2019-2020 Undergraduate Catalog,39,165423,BIOL 1144 -  Hum Anat Physiol Lab II
34,2019-2020 Undergraduate Catalog,39,165424,BIOL 1153 -  Prenursing Microbiology Laboratory
34,2019-2020 Undergraduate Catalog,39,165425,BIOL 1161 -  Introduction to Biological Science Laboratory 1
34,2019-2020 Undergraduate Catalog,39,165426,BIOL 1162 -  Introduction to Biological Science Laboratory 2
34,2019-2020 Undergraduate Catalog,39,165427,BIOL 1309 -  Human Genetics and Society
34,2019-2020 Undergraduate Catalog,39,165428,BIOL 1310 -  General Biology 1
34,2019-2020 Undergraduate Catalog,40,165429,BIOL 1320 -  General Biology 2
34,2019-2020 Undergraduate Catalog,40,165430,BIOL 1334 -  Human Anatomy and Physiology 1
34,2019-2020 Undergraduate Catalog,40,165431,BIOL 1344 -  Human Anatomy and Physiology 2
34,2019-2020 Undergraduate Catalog,40,165432,BIOL 1353 -  Prenursing Microbiology
34,2019-2020 Undergraduate Catalog,40,165433,BIOL 1361 -  Introduction to Biological Science 1
34,2019-2020 Undergraduate Catalog,40,165434,BIOL 1362 -  Introduction to Biological Science 2
34,2019-2020 Undergraduate Catalog,40,165437,BIOL 2397 -  Selected Topics in Biology
34,2019-2020 Undergraduate Catalog,40,165438,BIOL 3124 -  Human Physiology Laboratory
34,2019-2020 Undergraduate Catalog,40,165439,BIOL 3132 -  Elementary Microbiology Laboratory
34,2019-2020 Undergraduate Catalog,40,165440,BIOL 3301 -  Genetics
34,2019-2020 Undergraduate Catalog,41,165441,BIOL 3304 -  The Biology of Social Behavior
34,2019-2020 Undergraduate Catalog,41,165442,BIOL 3305 -  Biodiversity
34,2019-2020 Undergraduate Catalog,41,165443,BIOL 3306 -  Evolutionary Biology
34,2019-2020 Undergraduate Catalog,41,165444,BIOL 3311 -  Genetics Laboratory
34,2019-2020 Undergraduate Catalog,41,165445,BIOL 3324 -  Human Physiology
34,2019-2020 Undergraduate Catalog,41,165446,BIOL 3326 -  History and Philosophy of Biology
34,2019-2020 Undergraduate Catalog,41,165447,BIOL 3332 -  Elementary Microbiology
34,2019-2020 Undergraduate Catalog,41,165448,BIOL 3341 -  Human Genetics
34,2019-2020 Undergraduate Catalog,41,165449,BIOL 3345 -  Plant Physiology
34,2019-2020 Undergraduate Catalog,41,165450,BIOL 3359 -  Environmental Biology of Texas
34,2019-2020 Undergraduate Catalog,42,165451,BIOL 3396 -  Senior Research Project
34,2019-2020 Undergraduate Catalog,42,165452,BIOL 3397 -  Selected Topics in Biology
34,2019-2020 Undergraduate Catalog,42,165453,BIOL 3399 -  Senior Honors Thesis
34,2019-2020 Undergraduate Catalog,42,165454,BIOL 4399 -  Senior Honors Thesis
34,2019-2020 Undergraduate Catalog,42,165455,BIOL 4103 -  Integration of Biological Knowledge
34,2019-2020 Undergraduate Catalog,42,165456,BIOL 4198 -  Independent Study
34,2019-2020 Undergraduate Catalog,42,165457,BIOL 4206 -  Ecology and Evolution Laboratory
34,2019-2020 Undergraduate Catalog,42,165458,BIOL 4272 -  Cellular and Developmental Biology Laboratory
34,2019-2020 Undergraduate Catalog,42,165459,BIOL 4298 -  Independent Study
34,2019-2020 Undergraduate Catalog,42,165460,BIOL 4309 -  Mathematical Biology
34,2019-2020 Undergraduate Catalog,43,165461,BIOL 4310 -  Biostatistics
34,2019-2020 Undergraduate Catalog,43,165462,BIOL 4312 -  Interpreting Experimental Biology
34,2019-2020 Undergraduate Catalog,43,165463,BIOL 4315 -  Neuroscience
34,2019-2020 Undergraduate Catalog,43,165464,BIOL 4320 -  Molecular Biology
34,2019-2020 Undergraduate Catalog,43,165465,BIOL 4323 -  Immunology
34,2019-2020 Undergraduate Catalog,43,165466,BIOL 4324 -  Bioinformatics
34,2019-2020 Undergraduate Catalog,43,165467,BIOL 4340 -  Research Methods
34,2019-2020 Undergraduate Catalog,43,165468,BIOL 4347 -  Animal Behavior
34,2019-2020 Undergraduate Catalog,43,165469,BIOL 4351 -  Current Topics in Reproductive Biology
34,2019-2020 Undergraduate Catalog,43,165470,BIOL 4354 -  Endocrinology
34,2019-2020 Undergraduate Catalog,44,165471,BIOL 4355 -  Human Virology
34,2019-2020 Undergraduate Catalog,44,165472,BIOL 4365 -  Applied Evolution
34,2019-2020 Undergraduate Catalog,44,165473,BIOL 4366 -  Molecular and Genome Evolution
34,2019-2020 Undergraduate Catalog,44,165474,BIOL 4367 -  Evolutionary Ecology
34,2019-2020 Undergraduate Catalog,44,165475,BIOL 3368 -  Ecology
34,2019-2020 Undergraduate Catalog,44,165477,BIOL 4373 -  Microbial Physiology
34,2019-2020 Undergraduate Catalog,44,165478,BIOL 4374 -  Cell Biology
34,2019-2020 Undergraduate Catalog,44,165479,BIOL 4384 -  Developmental Biology
34,2019-2020 Undergraduate Catalog,44,165480,BIOL 4396 -  Senior Research Project
34,2019-2020 Undergraduate Catalog,44,165481,BIOL 4397 -  Selected Topics in Biology
34,2019-2020 Undergraduate Catalog,45,165483,BIOL 4498 -  Independent Study
34,2019-2020 Undergraduate Catalog,45,165484,BIOE 2100 -  Introduction To Biomedical Engineering
34,2019-2020 Undergraduate Catalog,45,165486,BIOE 2150 -  Biosensors I
34,2019-2020 Undergraduate Catalog,45,165487,BIOE 2197 -  Selected Topics
34,2019-2020 Undergraduate Catalog,45,165488,BIOE 2297 -  Selected Topics
34,2019-2020 Undergraduate Catalog,45,165489,BIOE 2397 -  Selected Topics
34,2019-2020 Undergraduate Catalog,45,165490,BIOE 2497 -  Selected Topics
34,2019-2020 Undergraduate Catalog,45,165491,BIOE 2350 -  Continuum Biomechanics
34,2019-2020 Undergraduate Catalog,45,165492,BIOE 3197 -  Selected Topics
34,2019-2020 Undergraduate Catalog,45,165493,BIOE 3297 -  Selected Topics
34,2019-2020 Undergraduate Catalog,46,165494,BIOE 3397 -  Selected Topics
34,2019-2020 Undergraduate Catalog,46,165495,BIOE 3497 -  Selected Topics
34,2019-2020 Undergraduate Catalog,46,165496,BIOE 3340 -  Quantitative Physiology
34,2019-2020 Undergraduate Catalog,46,165497,BIOE 3350 -  Biosensors II
34,2019-2020 Undergraduate Catalog,46,165498,BIOE 3366 -  Introduction to Digital Signal Processing
34,2019-2020 Undergraduate Catalog,46,165499,BIOE 3399 -  Senior Honors Thesis
34,2019-2020 Undergraduate Catalog,46,165500,BIOE 4399 -  Senior Honors Thesis
34,2019-2020 Undergraduate Catalog,46,165501,BIOE 3341 -  Biothermodynamics
34,2019-2020 Undergraduate Catalog,46,165502,BIOE 4197 -  Selected Topics
34,2019-2020 Undergraduate Catalog,46,165503,BIOE 4297 -  Selected Topics
34,2019-2020 Undergraduate Catalog,47,165505,BIOE 4324 -  Advanced Continuum Biomechanics
34,2019-2020 Undergraduate Catalog,47,165506,BIOE 4325 -  Application of Engineering Principles Applied to Biological Systems
34,2019-2020 Undergraduate Catalog,47,165507,BIOE 4334 -  Capstone Design
34,2019-2020 Undergraduate Catalog,47,165508,BIOE 4366 -  Biomolecular Engr Fundamentals
34,2019-2020 Undergraduate Catalog,47,165509,BIOE 4393 -  Cellular and Biological Transport Phenomena
34,2019-2020 Undergraduate Catalog,47,165510,BIOE 4397 -  Selected Topics
34,2019-2020 Undergraduate Catalog,47,165511,BIOE 4458 -  Instrumentation Electronics
34,2019-2020 Undergraduate Catalog,47,165512,BIOE 4497 -  Selected Topics
34,2019-2020 Undergraduate Catalog,47,165513,BIOE 5198 -  Independent Study
34,2019-2020 Undergraduate Catalog,47,165514,BIOE 5298 -  Independent Study
34,2019-2020 Undergraduate Catalog,48,165515,BIOE 5312 -  Computational Fluid Dynamics
34,2019-2020 Undergraduate Catalog,48,165516,BIOE 5323 -  Introduction to Regenerative Medicine and Stem Cell Engineering
34,2019-2020 Undergraduate Catalog,48,165518,BIOE 5389 -  Transport Phenomena in Physiological Systems
34,2019-2020 Undergraduate Catalog,48,165519,BIOE 5398 -  Independent Study
34,2019-2020 Undergraduate Catalog,48,165520,BIOE 5455 -  Bioanalytics
34,2019-2020 Undergraduate Catalog,48,165521,BIOE 5498 -  Independent Study
34,2019-2020 Undergraduate Catalog,48,165522,BTEC 1322 -  Introduction to Biotechnology
34,2019-2020 Undergraduate Catalog,48,165523,BTEC 3317 -  Biotechnology Regulatory Environment
34,2019-2020 Undergraduate Catalog,48,165524,BTEC 3100 -  Biotechnology Research Methods & Applications
34,2019-2020 Undergraduate Catalog,48,165525,BTEC 3301 -  Principles of Genomics/Proteomics and Bioinformatics
34,2019-2020 Undergraduate Catalog,49,165526,BTEC 3320 -  Introduction to Quality Assurance and Quality Control in Biotechnology
34,2019-2020 Undergraduate Catalog,49,165527,BTEC 3321 -  Current Good Manufacturing Practices in Biotechnology
34,2019-2020 Undergraduate Catalog,49,165528,BTEC 3399 -  Senior Honors Thesis
34,2019-2020 Undergraduate Catalog,49,165529,BTEC 4101 -  Principles of Bioprocessing Laboratory
34,2019-2020 Undergraduate Catalog,49,165530,BTEC 4198 -  Independent Study in Biotechnology
34,2019-2020 Undergraduate Catalog,49,165531,BTEC 4300 -  Principles of Bioinformatics
34,2019-2020 Undergraduate Catalog,49,165532,BTEC 4301 -  Principles of Bioprocessing
34,2019-2020 Undergraduate Catalog,49,165533,BTEC 4319 -  Microbial Biotechnology
34,2019-2020 Undergraduate Catalog,49,165534,BTEC 4350 -  Biotechnology Capstone Experience
34,2019-2020 Undergraduate Catalog,49,165535,BTEC 4394 -  Selected Topics in Biotechnology
34,2019-2020 Undergraduate Catalog,50,165536,BTEC 4397 -  Selected Topics in Biotechnology
34,2019-2020 Undergraduate Catalog,50,165537,BTEC 4398 -  Independent Study
34,2019-2020 Undergraduate Catalog,50,165538,BTEC 4399 -  Senior Honors Thesis
34,2019-2020 Undergraduate Catalog,50,165539,CHEE 1131 -  The Challenge of Chemical Engineering
34,2019-2020 Undergraduate Catalog,50,165540,CHEE 1331 -  Computing for Engineers
34,2019-2020 Undergraduate Catalog,50,165541,CHEE 2331 -  Chemical Processes
34,2019-2020 Undergraduate Catalog,50,165542,CHEE 2332 -  Chemical Engineering Thermodynamics I
34,2019-2020 Undergraduate Catalog,50,165543,CHEE 3300 -  Materials Science & Engineering I
34,2019-2020 Undergraduate Catalog,50,165544,CHEE 3321 -  Analytical Methods for Chemical Engineers
34,2019-2020 Undergraduate Catalog,50,165545,CHEE 3333 -  Chemical Engineering Thermodynamics II
